;project;releases;commits;merges;developers;size;elapsed_time;round
0;vuejs/vue;158;5862;135;88;4096;0.12880802154541016;0
0;facebook/react;83;14847;2647;784;4096;0.3931102752685547;0
0;twbs/bootstrap;49;19356;4283;879;4096;0.4727952480316162;0
0;d3/d3;265;4282;688;116;4096;0.1509385108947754;0
0;facebook/react-native;188;21722;643;499;4096;0.6221394538879395;0
0;nodejs/node;593;59366;385;222;4096;1.9820976257324219;0
0;mrdoob/three.js;112;35221;8534;1240;4096;1.0357325077056885;0
0;angular/angular.js;145;12537;36;70;4096;0.3566110134124756;0
0;webpack/webpack;243;12329;3376;574;4096;0.37197303771972656;0
0;vercel/next.js;111;7017;94;23;4096;0.19769740104675293;0
0;microsoft/TypeScript;97;32736;8013;408;4096;0.8873312473297119;0
0;ant-design/ant-design;328;19698;2620;275;4096;0.5443634986877441;0
0;reduxjs/redux;64;3037;709;357;4096;0.0714421272277832;0
0;storybookjs/storybook;352;30879;8731;770;4096;0.8838553428649902;0
0;ionic-team/ionic-framework;119;15249;958;344;4096;0.41481685638427734;0
0;grafana/grafana;143;27658;4412;647;4096;0.7616381645202637;0
0;vercel/hyper;49;1284;34;22;4096;0.03271150588989258;0
0;facebook/jest;174;5095;259;147;4096;0.13237762451171875;0
0;nestjs/nest;145;5947;2230;162;4096;0.24463391304016113;0
0;vuetifyjs/vuetify;262;10972;474;63;4096;0.256162166595459;0
0;elastic/elasticsearch;249;88299;4905;514;4096;2.576298713684082;0
0;spring-projects/spring-boot;109;27907;7869;52;4096;0.8103792667388916;0
0;spring-projects/spring-framework;141;25430;1020;114;4096;0.6958160400390625;0
0;square/okhttp;91;4952;1958;193;4096;0.1869049072265625;0
0;apache/dubbo;69;4750;211;62;4096;0.11852121353149414;0
0;PhilJay/MPAndroidChart;41;2009;325;75;4096;0.044835567474365234;0
0;bumptech/glide;32;2501;114;51;4096;0.05412149429321289;0
0;netty/netty;175;13439;270;73;4096;0.3709273338317871;0
0;ctripcorp/apollo;27;2413;822;39;4096;0.0564417839050293;0
0;alibaba/fastjson;88;4280;647;159;4096;0.12813496589660645;0
0;django/django;220;39318;600;429;4096;0.9530200958251953;0
0;pallets/flask;32;3813;988;408;4096;0.1566329002380371;0
0;keras-team/keras;50;5343;721;180;4096;0.12270236015319824;0
0;ansible/ansible;147;55921;5556;1715;4096;1.5104470252990723;0
0;psf/requests;138;5968;1498;578;4096;0.14397931098937988;0
0;scrapy/scrapy;82;9013;1681;351;4096;0.2129361629486084;0
0;home-assistant/core;393;30128;1853;266;4096;0.9275634288787842;0
0;soimort/you-get;136;2308;389;181;4096;0.11029171943664551;0
0;huggingface/transformers;36;5346;506;144;4096;0.13314366340637207;0
0;XX-net/XX-Net;309;2211;466;64;4096;0.06527256965637207;0
0;laravel/laravel;111;6364;1526;507;4096;0.18504786491394043;0
0;fzaninotto/Faker;12;2607;761;430;4096;0.0601043701171875;0
0;composer/composer;63;9008;2201;807;4096;0.20867013931274414;0
0;laravel/framework;584;29719;8576;1779;4096;0.8132514953613281;0
0;guzzle/guzzle;127;3579;575;316;4096;0.13933634757995605;0
0;bcit-ci/CodeIgniter;32;9331;1736;468;4096;0.20313692092895508;0
0;Seldaek/monolog;48;2389;642;353;4096;0.05695748329162598;0
0;sebastianbergmann/phpunit;535;16607;3675;216;4096;0.42746853828430176;0
0;briannesbitt/Carbon;148;2825;724;165;4096;0.1099863052368164;0
0;WordPress/WordPress;449;48256;5;103;4096;1.20243239402771;0
0;electron/electron;506;27850;4189;684;4096;0.8289933204650879;0
0;opencv/opencv;66;29260;8504;1199;4096;0.7709407806396484;0
0;bitcoin/bitcoin;100;26300;8900;754;4096;0.8716545104980469;0
0;protocolbuffers/protobuf;45;7698;2358;460;4096;0.24849939346313477;0
0;pytorch/pytorch;28;28585;630;208;4096;0.8467221260070801;0
0;microsoft/PowerToys;22;3979;459;90;4096;0.09842896461486816;0
0;tesseract-ocr/tesseract;18;4600;819;98;4096;0.1048574447631836;0
0;godotengine/godot;29;31039;11426;1164;4096;0.9415011405944824;0
0;ocornut/imgui;64;5967;531;111;4096;0.18702268600463867;0
0;aria2/aria2;139;5438;201;47;4096;0.1350104808807373;0
0;Wox-launcher/Wox;37;3868;613;69;4096;0.08273983001708984;0
0;ShareX/ShareX;66;6303;753;183;4096;0.18646526336669922;0
0;icsharpcode/ILSpy;20;6172;569;100;4096;0.14422893524169922;0
0;MaterialDesignInXAML/MaterialDesignInXamlToolkit;27;2186;409;67;4096;0.052251338958740234;0
0;dotnet/efcore;48;8993;1146;119;4096;0.2621116638183594;0
0;aspnetboilerplate/aspnetboilerplate;195;6686;1225;154;4096;0.16489601135253906;0
0;jellyfin/jellyfin;29;16786;3688;247;4096;0.4078633785247803;0
0;SignalR/SignalR;29;4862;448;80;4096;0.1416616439819336;0
0;AutoMapper/AutoMapper;45;3617;784;92;4096;0.08197522163391113;0
0;cefsharp/CefSharp;60;6060;585;113;4096;0.1335313320159912;0
0;netdata/netdata;38;11250;1616;193;4096;0.30759477615356445;0
0;obsproject/obs-studio;105;8835;1599;251;4096;0.2516651153564453;0
0;ggreer/the_silver_searcher;49;1997;429;209;4096;0.04538679122924805;0
0;tmux/tmux;24;8247;1160;46;4096;0.16688823699951172;0
0;taosdata/TDengine;37;8892;3431;64;4096;0.25129127502441406;0
0;radareorg/radare2;66;24445;85;101;4096;0.5431389808654785;0
0;mpv-player/mpv;76;49278;318;197;4096;1.2342071533203125;0
0;nginx/nginx;530;7706;0;73;4096;0.1915900707244873;0
0;arendst/Tasmota;83;8589;2320;173;4096;0.3115978240966797;0
0;allinurl/goaccess;27;5544;359;85;4096;0.11249065399169922;0
0;discourse/discourse;184;38781;3971;682;4096;1.0334181785583496;0
0;Homebrew/brew;181;23642;5118;377;4096;0.668809175491333;0
0;tootsuite/mastodon;80;9518;426;83;4096;0.3162345886230469;0
0;heartcombo/devise;116;3942;677;493;4096;0.09584569931030273;0
0;hashicorp/vagrant;143;13563;2287;935;4096;0.37174224853515625;0
0;CocoaPods/CocoaPods;123;8753;1663;293;4096;0.24448204040527344;0
0;diaspora/diaspora;84;19806;3785;416;4096;0.47977137565612793;0
0;sinatra/sinatra;68;4700;875;361;4096;0.1095571517944336;0
0;rubocop-hq/rubocop;150;9872;1853;370;4096;0.2895662784576416;0
0;gollum/gollum;83;2284;387;184;4096;0.05330538749694824;0
0;gohugoio/hugo;140;6069;147;41;4096;0.1707625389099121;0
0;gogs/gogs;58;5414;899;272;4096;0.16777396202087402;0
0;v2ray/v2ray-core;338;5372;425;69;4096;0.16631054878234863;0
0;prometheus/prometheus;108;8360;2163;270;4096;0.24487829208374023;0
0;etcd-io/etcd;160;17217;5606;545;4096;0.43788671493530273;0
0;traefik/traefik;98;4039;675;112;4096;0.09599447250366211;0
0;astaxie/beego;30;3595;947;369;4096;0.08070206642150879;0
0;istio/istio;110;15409;434;83;4096;0.436704158782959;0
0;hashicorp/terraform;127;27624;5493;954;4096;0.7721078395843506;0
0;rclone/rclone;76;4877;1;21;4096;0.15502524375915527;0
0;vuejs/vue;158;5862;135;88;4096;0.12534761428833008;1
0;facebook/react;83;14847;2647;784;4096;0.40852999687194824;1
0;twbs/bootstrap;49;19356;4283;879;4096;0.4679586887359619;1
0;d3/d3;265;4282;688;116;4096;0.10877513885498047;1
0;facebook/react-native;188;21722;643;499;4096;0.6692252159118652;1
0;nodejs/node;593;59366;385;222;4096;1.9596266746520996;1
0;mrdoob/three.js;112;35221;8534;1240;4096;1.0194242000579834;1
0;angular/angular.js;145;12537;36;70;4096;0.3587820529937744;1
0;webpack/webpack;243;12329;3376;574;4096;0.37763190269470215;1
0;vercel/next.js;111;7017;94;23;4096;0.19858002662658691;1
0;microsoft/TypeScript;97;32736;8013;408;4096;0.8972108364105225;1
0;ant-design/ant-design;328;19698;2620;275;4096;0.5177357196807861;1
0;reduxjs/redux;64;3037;709;357;4096;0.12009572982788086;1
0;storybookjs/storybook;352;30879;8731;770;4096;0.873772382736206;1
0;ionic-team/ionic-framework;119;15249;958;344;4096;0.4127655029296875;1
0;grafana/grafana;143;27658;4412;647;4096;0.7668681144714355;1
0;vercel/hyper;49;1284;34;22;4096;0.03491377830505371;1
0;facebook/jest;174;5095;259;147;4096;0.13439369201660156;1
0;nestjs/nest;145;5947;2230;162;4096;0.18321847915649414;1
0;vuetifyjs/vuetify;262;10972;474;63;4096;0.3242650032043457;1
0;elastic/elasticsearch;249;88299;4905;514;4096;2.503847122192383;1
0;spring-projects/spring-boot;109;27907;7869;52;4096;0.8880264759063721;1
0;spring-projects/spring-framework;141;25430;1020;114;4096;0.6606912612915039;1
0;square/okhttp;91;4952;1958;193;4096;0.12673211097717285;1
0;apache/dubbo;69;4750;211;62;4096;0.17347025871276855;1
0;PhilJay/MPAndroidChart;41;2009;325;75;4096;0.04485034942626953;1
0;bumptech/glide;32;2501;114;51;4096;0.05480074882507324;1
0;netty/netty;175;13439;270;73;4096;0.37110137939453125;1
0;ctripcorp/apollo;27;2413;822;39;4096;0.055962324142456055;1
0;alibaba/fastjson;88;4280;647;159;4096;0.094635009765625;1
0;django/django;220;39318;600;429;4096;0.9931509494781494;1
0;pallets/flask;32;3813;988;408;4096;0.09069156646728516;1
0;keras-team/keras;50;5343;721;180;4096;0.12278199195861816;1
0;ansible/ansible;147;55921;5556;1715;4096;1.555459976196289;1
0;psf/requests;138;5968;1498;578;4096;0.14380192756652832;1
0;scrapy/scrapy;82;9013;1681;351;4096;0.3178527355194092;1
0;home-assistant/core;393;30128;1853;266;4096;0.8479692935943604;1
0;soimort/you-get;136;2308;389;181;4096;0.06232953071594238;1
0;huggingface/transformers;36;5346;506;144;4096;0.19357585906982422;1
0;XX-net/XX-Net;309;2211;466;64;4096;0.06580901145935059;1
0;laravel/laravel;111;6364;1526;507;4096;0.14911651611328125;1
0;fzaninotto/Faker;12;2607;761;430;4096;0.06048941612243652;1
0;composer/composer;63;9008;2201;807;4096;0.25786495208740234;1
0;laravel/framework;584;29719;8576;1779;4096;0.8009417057037354;1
0;guzzle/guzzle;127;3579;575;316;4096;0.08935928344726562;1
0;bcit-ci/CodeIgniter;32;9331;1736;468;4096;0.26768994331359863;1
0;Seldaek/monolog;48;2389;642;353;4096;0.056912899017333984;1
0;sebastianbergmann/phpunit;535;16607;3675;216;4096;0.4356966018676758;1
0;briannesbitt/Carbon;148;2825;724;165;4096;0.0786440372467041;1
0;WordPress/WordPress;449;48256;5;103;4096;1.2081308364868164;1
0;electron/electron;506;27850;4189;684;4096;0.8198490142822266;1
0;opencv/opencv;66;29260;8504;1199;4096;0.7625715732574463;1
0;bitcoin/bitcoin;100;26300;8900;754;4096;0.9066634178161621;1
0;protocolbuffers/protobuf;45;7698;2358;460;4096;0.1922152042388916;1
0;pytorch/pytorch;28;28585;630;208;4096;0.8799803256988525;1
0;microsoft/PowerToys;22;3979;459;90;4096;0.1523594856262207;1
0;tesseract-ocr/tesseract;18;4600;819;98;4096;0.10560083389282227;1
0;godotengine/godot;29;31039;11426;1164;4096;0.9003007411956787;1
0;ocornut/imgui;64;5967;531;111;4096;0.13148140907287598;1
0;aria2/aria2;139;5438;201;47;4096;0.19312739372253418;1
0;Wox-launcher/Wox;37;3868;613;69;4096;0.08276772499084473;1
0;ShareX/ShareX;66;6303;753;183;4096;0.13680720329284668;1
0;icsharpcode/ILSpy;20;6172;569;100;4096;0.19252538681030273;1
0;MaterialDesignInXAML/MaterialDesignInXamlToolkit;27;2186;409;67;4096;0.051950931549072266;1
0;dotnet/efcore;48;8993;1146;119;4096;0.2298736572265625;1
0;aspnetboilerplate/aspnetboilerplate;195;6686;1225;154;4096;0.19963431358337402;1
0;jellyfin/jellyfin;29;16786;3688;247;4096;0.4078183174133301;1
0;SignalR/SignalR;29;4862;448;80;4096;0.10633683204650879;1
0;AutoMapper/AutoMapper;45;3617;784;92;4096;0.08565068244934082;1
0;cefsharp/CefSharp;60;6060;585;113;4096;0.18094253540039062;1
0;netdata/netdata;38;11250;1616;193;4096;0.30956339836120605;1
0;obsproject/obs-studio;105;8835;1599;251;4096;0.22378802299499512;1
0;ggreer/the_silver_searcher;49;1997;429;209;4096;0.04683494567871094;1
0;tmux/tmux;24;8247;1160;46;4096;0.20794034004211426;1
0;taosdata/TDengine;37;8892;3431;64;4096;0.21630096435546875;1
0;radareorg/radare2;66;24445;85;101;4096;0.5772063732147217;1
0;mpv-player/mpv;76;49278;318;197;4096;1.2225205898284912;1
0;nginx/nginx;530;7706;0;73;4096;0.2730255126953125;1
0;arendst/Tasmota;83;8589;2320;173;4096;0.2134854793548584;1
0;allinurl/goaccess;27;5544;359;85;4096;0.1784217357635498;1
0;discourse/discourse;184;38781;3971;682;4096;0.9732580184936523;1
0;Homebrew/brew;181;23642;5118;377;4096;0.7049732208251953;1
0;tootsuite/mastodon;80;9518;426;83;4096;0.2565450668334961;1
0;heartcombo/devise;116;3942;677;493;4096;0.15395379066467285;1
0;hashicorp/vagrant;143;13563;2287;935;4096;0.36687159538269043;1
0;CocoaPods/CocoaPods;123;8753;1663;293;4096;0.20916128158569336;1
0;diaspora/diaspora;84;19806;3785;416;4096;0.48981499671936035;1
0;sinatra/sinatra;68;4700;875;361;4096;0.15486955642700195;1
0;rubocop-hq/rubocop;150;9872;1853;370;4096;0.24409699440002441;1
0;gollum/gollum;83;2284;387;184;4096;0.0897681713104248;1
0;gohugoio/hugo;140;6069;147;41;4096;0.16849613189697266;1
0;gogs/gogs;58;5414;899;272;4096;0.12572622299194336;1
0;v2ray/v2ray-core;338;5372;425;69;4096;0.20011186599731445;1
0;prometheus/prometheus;108;8360;2163;270;4096;0.2134554386138916;1
0;etcd-io/etcd;160;17217;5606;545;4096;0.444242000579834;1
0;traefik/traefik;98;4039;675;112;4096;0.13496780395507812;1
0;astaxie/beego;30;3595;947;369;4096;0.07952189445495605;1
0;istio/istio;110;15409;434;83;4096;0.4235422611236572;1
0;hashicorp/terraform;127;27624;5493;954;4096;0.7734420299530029;1
0;rclone/rclone;76;4877;1;21;4096;0.10826778411865234;1
0;vuejs/vue;158;5862;135;88;4096;0.13322758674621582;2
0;facebook/react;83;14847;2647;784;4096;0.42522382736206055;2
0;twbs/bootstrap;49;19356;4283;879;4096;0.5070221424102783;2
0;d3/d3;265;4282;688;116;4096;0.1106257438659668;2
0;facebook/react-native;188;21722;643;499;4096;0.6393702030181885;2
0;nodejs/node;593;59366;385;222;4096;1.9453229904174805;2
0;mrdoob/three.js;112;35221;8534;1240;4096;1.0468573570251465;2
0;angular/angular.js;145;12537;36;70;4096;0.2962954044342041;2
0;webpack/webpack;243;12329;3376;574;4096;0.4115865230560303;2
0;vercel/next.js;111;7017;94;23;4096;0.2560868263244629;2
0;microsoft/TypeScript;97;32736;8013;408;4096;0.8843972682952881;2
0;ant-design/ant-design;328;19698;2620;275;4096;0.5219905376434326;2
0;reduxjs/redux;64;3037;709;357;4096;0.06989812850952148;2
0;storybookjs/storybook;352;30879;8731;770;4096;0.9079294204711914;2
0;ionic-team/ionic-framework;119;15249;958;344;4096;0.3951132297515869;2
0;grafana/grafana;143;27658;4412;647;4096;0.7713346481323242;2
0;vercel/hyper;49;1284;34;22;4096;0.03378891944885254;2
0;facebook/jest;174;5095;259;147;4096;0.1784195899963379;2
0;nestjs/nest;145;5947;2230;162;4096;0.18084979057312012;2
0;vuetifyjs/vuetify;262;10972;474;63;4096;0.3020930290222168;2
0;elastic/elasticsearch;249;88299;4905;514;4096;2.546762228012085;2
0;spring-projects/spring-boot;109;27907;7869;52;4096;0.9033331871032715;2
0;spring-projects/spring-framework;141;25430;1020;114;4096;0.6336886882781982;2
0;square/okhttp;91;4952;1958;193;4096;0.19457530975341797;2
0;apache/dubbo;69;4750;211;62;4096;0.11849713325500488;2
0;PhilJay/MPAndroidChart;41;2009;325;75;4096;0.045018672943115234;2
0;bumptech/glide;32;2501;114;51;4096;0.05467963218688965;2
0;netty/netty;175;13439;270;73;4096;0.3726470470428467;2
0;ctripcorp/apollo;27;2413;822;39;4096;0.056681156158447266;2
0;alibaba/fastjson;88;4280;647;159;4096;0.13077163696289062;2
0;django/django;220;39318;600;429;4096;0.9545056819915771;2
0;pallets/flask;32;3813;988;408;4096;0.15880417823791504;2
0;keras-team/keras;50;5343;721;180;4096;0.12084507942199707;2
0;ansible/ansible;147;55921;5556;1715;4096;1.5461931228637695;2
0;psf/requests;138;5968;1498;578;4096;0.14697980880737305;2
0;scrapy/scrapy;82;9013;1681;351;4096;0.219956636428833;2
0;home-assistant/core;393;30128;1853;266;4096;0.9391512870788574;2
0;soimort/you-get;136;2308;389;181;4096;0.11149358749389648;2
0;huggingface/transformers;36;5346;506;144;4096;0.13423800468444824;2
0;XX-net/XX-Net;309;2211;466;64;4096;0.06518077850341797;2
0;laravel/laravel;111;6364;1526;507;4096;0.19420933723449707;2
0;fzaninotto/Faker;12;2607;761;430;4096;0.061548471450805664;2
0;composer/composer;63;9008;2201;807;4096;0.21107220649719238;2
0;laravel/framework;584;29719;8576;1779;4096;0.8133759498596191;2
0;guzzle/guzzle;127;3579;575;316;4096;0.13925385475158691;2
0;bcit-ci/CodeIgniter;32;9331;1736;468;4096;0.20646905899047852;2
0;Seldaek/monolog;48;2389;642;353;4096;0.05787968635559082;2
0;sebastianbergmann/phpunit;535;16607;3675;216;4096;0.44107842445373535;2
0;briannesbitt/Carbon;148;2825;724;165;4096;0.11199688911437988;2
0;WordPress/WordPress;449;48256;5;103;4096;1.2165052890777588;2
0;electron/electron;506;27850;4189;684;4096;0.8354887962341309;2
0;opencv/opencv;66;29260;8504;1199;4096;0.7795867919921875;2
0;bitcoin/bitcoin;100;26300;8900;754;4096;0.8706667423248291;2
0;protocolbuffers/protobuf;45;7698;2358;460;4096;0.25304532051086426;2
0;pytorch/pytorch;28;28585;630;208;4096;0.8492794036865234;2
0;microsoft/PowerToys;22;3979;459;90;4096;0.09967494010925293;2
0;tesseract-ocr/tesseract;18;4600;819;98;4096;0.10576939582824707;2
0;godotengine/godot;29;31039;11426;1164;4096;0.9354569911956787;2
0;ocornut/imgui;64;5967;531;111;4096;0.18242359161376953;2
0;aria2/aria2;139;5438;201;47;4096;0.12899518013000488;2
0;Wox-launcher/Wox;37;3868;613;69;4096;0.08161354064941406;2
0;ShareX/ShareX;66;6303;753;183;4096;0.19213008880615234;2
0;icsharpcode/ILSpy;20;6172;569;100;4096;0.14279651641845703;2
0;MaterialDesignInXAML/MaterialDesignInXamlToolkit;27;2186;409;67;4096;0.052197933197021484;2
0;dotnet/efcore;48;8993;1146;119;4096;0.2658836841583252;2
0;aspnetboilerplate/aspnetboilerplate;195;6686;1225;154;4096;0.16880083084106445;2
0;jellyfin/jellyfin;29;16786;3688;247;4096;0.41972923278808594;2
0;SignalR/SignalR;29;4862;448;80;4096;0.14311838150024414;2
0;AutoMapper/AutoMapper;45;3617;784;92;4096;0.08320045471191406;2
0;cefsharp/CefSharp;60;6060;585;113;4096;0.13537955284118652;2
0;netdata/netdata;38;11250;1616;193;4096;0.31454038619995117;2
0;obsproject/obs-studio;105;8835;1599;251;4096;0.25856709480285645;2
0;ggreer/the_silver_searcher;49;1997;429;209;4096;0.04807877540588379;2
0;tmux/tmux;24;8247;1160;46;4096;0.17324137687683105;2
0;taosdata/TDengine;37;8892;3431;64;4096;0.2609584331512451;2
0;radareorg/radare2;66;24445;85;101;4096;0.5484356880187988;2
0;mpv-player/mpv;76;49278;318;197;4096;1.2553095817565918;2
0;nginx/nginx;530;7706;0;73;4096;0.18850469589233398;2
0;arendst/Tasmota;83;8589;2320;173;4096;0.31445884704589844;2
0;allinurl/goaccess;27;5544;359;85;4096;0.11258864402770996;2
0;discourse/discourse;184;38781;3971;682;4096;1.0540895462036133;2
0;Homebrew/brew;181;23642;5118;377;4096;0.6755373477935791;2
0;tootsuite/mastodon;80;9518;426;83;4096;0.3296215534210205;2
0;heartcombo/devise;116;3942;677;493;4096;0.09697651863098145;2
0;hashicorp/vagrant;143;13563;2287;935;4096;0.36848926544189453;2
0;CocoaPods/CocoaPods;123;8753;1663;293;4096;0.24540305137634277;2
0;diaspora/diaspora;84;19806;3785;416;4096;0.49398136138916016;2
0;sinatra/sinatra;68;4700;875;361;4096;0.1126868724822998;2
0;rubocop-hq/rubocop;150;9872;1853;370;4096;0.2931954860687256;2
0;gollum/gollum;83;2284;387;184;4096;0.05413198471069336;2
0;gohugoio/hugo;140;6069;147;41;4096;0.16866397857666016;2
0;gogs/gogs;58;5414;899;272;4096;0.17138195037841797;2
0;v2ray/v2ray-core;338;5372;425;69;4096;0.1664423942565918;2
0;prometheus/prometheus;108;8360;2163;270;4096;0.2474837303161621;2
0;etcd-io/etcd;160;17217;5606;545;4096;0.44777870178222656;2
0;traefik/traefik;98;4039;675;112;4096;0.09908652305603027;2
0;astaxie/beego;30;3595;947;369;4096;0.0835423469543457;2
0;istio/istio;110;15409;434;83;4096;0.44244980812072754;2
0;hashicorp/terraform;127;27624;5493;954;4096;0.7817225456237793;2
0;rclone/rclone;76;4877;1;21;4096;0.1592409610748291;2
0;vuejs/vue;158;5862;135;88;4096;0.12973570823669434;3
0;facebook/react;83;14847;2647;784;4096;0.4117412567138672;3
0;twbs/bootstrap;49;19356;4283;879;4096;0.4632537364959717;3
0;d3/d3;265;4282;688;116;4096;0.10915303230285645;3
0;facebook/react-native;188;21722;643;499;4096;0.6741700172424316;3
0;nodejs/node;593;59366;385;222;4096;1.977229118347168;3
0;mrdoob/three.js;112;35221;8534;1240;4096;1.040299892425537;3
0;angular/angular.js;145;12537;36;70;4096;0.3591938018798828;3
0;webpack/webpack;243;12329;3376;574;4096;0.3788599967956543;3
0;vercel/next.js;111;7017;94;23;4096;0.203416109085083;3
0;microsoft/TypeScript;97;32736;8013;408;4096;0.9103658199310303;3
0;ant-design/ant-design;328;19698;2620;275;4096;0.524677038192749;3
0;reduxjs/redux;64;3037;709;357;4096;0.12783408164978027;3
0;storybookjs/storybook;352;30879;8731;770;4096;0.8748652935028076;3
0;ionic-team/ionic-framework;119;15249;958;344;4096;0.41214752197265625;3
0;grafana/grafana;143;27658;4412;647;4096;0.806718111038208;3
0;vercel/hyper;49;1284;34;22;4096;0.03457450866699219;3
0;facebook/jest;174;5095;259;147;4096;0.13547515869140625;3
0;nestjs/nest;145;5947;2230;162;4096;0.18423008918762207;3
0;vuetifyjs/vuetify;262;10972;474;63;4096;0.3274037837982178;3
0;elastic/elasticsearch;249;88299;4905;514;4096;2.554356098175049;3
0;spring-projects/spring-boot;109;27907;7869;52;4096;0.8899576663970947;3
0;spring-projects/spring-framework;141;25430;1020;114;4096;0.668524980545044;3
0;square/okhttp;91;4952;1958;193;4096;0.12727737426757812;3
0;apache/dubbo;69;4750;211;62;4096;0.17301630973815918;3
0;PhilJay/MPAndroidChart;41;2009;325;75;4096;0.04532623291015625;3
0;bumptech/glide;32;2501;114;51;4096;0.056894540786743164;3
0;netty/netty;175;13439;270;73;4096;0.38277554512023926;3
0;ctripcorp/apollo;27;2413;822;39;4096;0.05714225769042969;3
0;alibaba/fastjson;88;4280;647;159;4096;0.09467196464538574;3
0;django/django;220;39318;600;429;4096;0.9973890781402588;3
0;pallets/flask;32;3813;988;408;4096;0.09354257583618164;3
0;keras-team/keras;50;5343;721;180;4096;0.12663769721984863;3
0;ansible/ansible;147;55921;5556;1715;4096;1.564640760421753;3
0;psf/requests;138;5968;1498;578;4096;0.14352130889892578;3
0;scrapy/scrapy;82;9013;1681;351;4096;0.318096399307251;3
0;home-assistant/core;393;30128;1853;266;4096;0.8544585704803467;3
0;soimort/you-get;136;2308;389;181;4096;0.06413865089416504;3
0;huggingface/transformers;36;5346;506;144;4096;0.19890236854553223;3
0;XX-net/XX-Net;309;2211;466;64;4096;0.0670006275177002;3
0;laravel/laravel;111;6364;1526;507;4096;0.1505417823791504;3
0;fzaninotto/Faker;12;2607;761;430;4096;0.06191110610961914;3
0;composer/composer;63;9008;2201;807;4096;0.2686583995819092;3
0;laravel/framework;584;29719;8576;1779;4096;0.8240396976470947;3
0;guzzle/guzzle;127;3579;575;316;4096;0.09161543846130371;3
0;bcit-ci/CodeIgniter;32;9331;1736;468;4096;0.27373313903808594;3
0;Seldaek/monolog;48;2389;642;353;4096;0.05850338935852051;3
0;sebastianbergmann/phpunit;535;16607;3675;216;4096;0.44717979431152344;3
0;briannesbitt/Carbon;148;2825;724;165;4096;0.07935166358947754;3
0;WordPress/WordPress;449;48256;5;103;4096;1.2394309043884277;3
0;electron/electron;506;27850;4189;684;4096;0.8263490200042725;3
0;opencv/opencv;66;29260;8504;1199;4096;0.7657928466796875;3
0;bitcoin/bitcoin;100;26300;8900;754;4096;0.9119126796722412;3
0;protocolbuffers/protobuf;45;7698;2358;460;4096;0.19056463241577148;3
0;pytorch/pytorch;28;28585;630;208;4096;0.8721473217010498;3
0;microsoft/PowerToys;22;3979;459;90;4096;0.1537635326385498;3
0;tesseract-ocr/tesseract;18;4600;819;98;4096;0.10471868515014648;3
0;godotengine/godot;29;31039;11426;1164;4096;0.9053056240081787;3
0;ocornut/imgui;64;5967;531;111;4096;0.13206934928894043;3
0;aria2/aria2;139;5438;201;47;4096;0.19446444511413574;3
0;Wox-launcher/Wox;37;3868;613;69;4096;0.08351898193359375;3
0;ShareX/ShareX;66;6303;753;183;4096;0.13970136642456055;3
0;icsharpcode/ILSpy;20;6172;569;100;4096;0.20218515396118164;3
0;MaterialDesignInXAML/MaterialDesignInXamlToolkit;27;2186;409;67;4096;0.05292510986328125;3
0;dotnet/efcore;48;8993;1146;119;4096;0.23476409912109375;3
0;aspnetboilerplate/aspnetboilerplate;195;6686;1225;154;4096;0.2054445743560791;3
0;jellyfin/jellyfin;29;16786;3688;247;4096;0.4090700149536133;3
0;SignalR/SignalR;29;4862;448;80;4096;0.10507822036743164;3
0;AutoMapper/AutoMapper;45;3617;784;92;4096;0.08331084251403809;3
0;cefsharp/CefSharp;60;6060;585;113;4096;0.18624353408813477;3
0;netdata/netdata;38;11250;1616;193;4096;0.3199782371520996;3
0;obsproject/obs-studio;105;8835;1599;251;4096;0.22875118255615234;3
0;ggreer/the_silver_searcher;49;1997;429;209;4096;0.04671907424926758;3
0;tmux/tmux;24;8247;1160;46;4096;0.21273040771484375;3
0;taosdata/TDengine;37;8892;3431;64;4096;0.2173166275024414;3
0;radareorg/radare2;66;24445;85;101;4096;0.583320140838623;3
0;mpv-player/mpv;76;49278;318;197;4096;1.2214686870574951;3
0;nginx/nginx;530;7706;0;73;4096;0.2783524990081787;3
0;arendst/Tasmota;83;8589;2320;173;4096;0.21382927894592285;3
0;allinurl/goaccess;27;5544;359;85;4096;0.18224096298217773;3
0;discourse/discourse;184;38781;3971;682;4096;0.9774885177612305;3
0;Homebrew/brew;181;23642;5118;377;4096;0.7160542011260986;3
0;tootsuite/mastodon;80;9518;426;83;4096;0.2523374557495117;3
0;heartcombo/devise;116;3942;677;493;4096;0.15421652793884277;3
0;hashicorp/vagrant;143;13563;2287;935;4096;0.3694157600402832;3
0;CocoaPods/CocoaPods;123;8753;1663;293;4096;0.21042871475219727;3
0;diaspora/diaspora;84;19806;3785;416;4096;0.493422269821167;3
0;sinatra/sinatra;68;4700;875;361;4096;0.16030406951904297;3
0;rubocop-hq/rubocop;150;9872;1853;370;4096;0.24562883377075195;3
0;gollum/gollum;83;2284;387;184;4096;0.09079289436340332;3
0;gohugoio/hugo;140;6069;147;41;4096;0.17165875434875488;3
0;gogs/gogs;58;5414;899;272;4096;0.13007402420043945;3
0;v2ray/v2ray-core;338;5372;425;69;4096;0.2079453468322754;3
0;prometheus/prometheus;108;8360;2163;270;4096;0.22076892852783203;3
0;etcd-io/etcd;160;17217;5606;545;4096;0.4527432918548584;3
0;traefik/traefik;98;4039;675;112;4096;0.1387326717376709;3
0;astaxie/beego;30;3595;947;369;4096;0.08187341690063477;3
0;istio/istio;110;15409;434;83;4096;0.4372904300689697;3
0;hashicorp/terraform;127;27624;5493;954;4096;0.7782726287841797;3
0;rclone/rclone;76;4877;1;21;4096;0.10856008529663086;3
0;vuejs/vue;158;5862;135;88;4096;0.1295456886291504;4
0;facebook/react;83;14847;2647;784;4096;0.42899608612060547;4
0;twbs/bootstrap;49;19356;4283;879;4096;0.5188791751861572;4
0;d3/d3;265;4282;688;116;4096;0.10970377922058105;4
0;facebook/react-native;188;21722;643;499;4096;0.6396746635437012;4
0;nodejs/node;593;59366;385;222;4096;1.958444356918335;4
0;mrdoob/three.js;112;35221;8534;1240;4096;1.0489497184753418;4
0;angular/angular.js;145;12537;36;70;4096;0.2965354919433594;4
0;webpack/webpack;243;12329;3376;574;4096;0.4115591049194336;4
0;vercel/next.js;111;7017;94;23;4096;0.2664337158203125;4
0;microsoft/TypeScript;97;32736;8013;408;4096;0.8835361003875732;4
0;ant-design/ant-design;328;19698;2620;275;4096;0.5285062789916992;4
0;reduxjs/redux;64;3037;709;357;4096;0.0706632137298584;4
0;storybookjs/storybook;352;30879;8731;770;4096;0.9043753147125244;4
0;ionic-team/ionic-framework;119;15249;958;344;4096;0.40348315238952637;4
0;grafana/grafana;143;27658;4412;647;4096;0.7717833518981934;4
0;vercel/hyper;49;1284;34;22;4096;0.03286004066467285;4
0;facebook/jest;174;5095;259;147;4096;0.17987823486328125;4
0;nestjs/nest;145;5947;2230;162;4096;0.18041658401489258;4
0;vuetifyjs/vuetify;262;10972;474;63;4096;0.30687880516052246;4
0;elastic/elasticsearch;249;88299;4905;514;4096;2.508007764816284;4
0;spring-projects/spring-boot;109;27907;7869;52;4096;0.8972823619842529;4
0;spring-projects/spring-framework;141;25430;1020;114;4096;0.6310925483703613;4
0;square/okhttp;91;4952;1958;193;4096;0.19368195533752441;4
0;apache/dubbo;69;4750;211;62;4096;0.12085700035095215;4
0;PhilJay/MPAndroidChart;41;2009;325;75;4096;0.04548072814941406;4
0;bumptech/glide;32;2501;114;51;4096;0.055060386657714844;4
0;netty/netty;175;13439;270;73;4096;0.3760664463043213;4
0;ctripcorp/apollo;27;2413;822;39;4096;0.05827474594116211;4
0;alibaba/fastjson;88;4280;647;159;4096;0.13365912437438965;4
0;django/django;220;39318;600;429;4096;0.9652884006500244;4
0;pallets/flask;32;3813;988;408;4096;0.15636181831359863;4
0;keras-team/keras;50;5343;721;180;4096;0.1216895580291748;4
0;ansible/ansible;147;55921;5556;1715;4096;1.5386550426483154;4
0;psf/requests;138;5968;1498;578;4096;0.14732074737548828;4
0;scrapy/scrapy;82;9013;1681;351;4096;0.21295952796936035;4
0;home-assistant/core;393;30128;1853;266;4096;0.9399330615997314;4
0;soimort/you-get;136;2308;389;181;4096;0.1119384765625;4
0;huggingface/transformers;36;5346;506;144;4096;0.13362789154052734;4
0;XX-net/XX-Net;309;2211;466;64;4096;0.06500530242919922;4
0;laravel/laravel;111;6364;1526;507;4096;0.19440031051635742;4
0;fzaninotto/Faker;12;2607;761;430;4096;0.061681270599365234;4
0;composer/composer;63;9008;2201;807;4096;0.21096515655517578;4
0;laravel/framework;584;29719;8576;1779;4096;0.825514554977417;4
0;guzzle/guzzle;127;3579;575;316;4096;0.13941526412963867;4
0;bcit-ci/CodeIgniter;32;9331;1736;468;4096;0.20767807960510254;4
0;Seldaek/monolog;48;2389;642;353;4096;0.0573573112487793;4
0;sebastianbergmann/phpunit;535;16607;3675;216;4096;0.4457530975341797;4
0;briannesbitt/Carbon;148;2825;724;165;4096;0.11268138885498047;4
0;WordPress/WordPress;449;48256;5;103;4096;1.208075761795044;4
0;electron/electron;506;27850;4189;684;4096;0.8459188938140869;4
0;opencv/opencv;66;29260;8504;1199;4096;0.7806262969970703;4
0;bitcoin/bitcoin;100;26300;8900;754;4096;0.8759825229644775;4
0;protocolbuffers/protobuf;45;7698;2358;460;4096;0.2584645748138428;4
0;pytorch/pytorch;28;28585;630;208;4096;0.8563172817230225;4
0;microsoft/PowerToys;22;3979;459;90;4096;0.09968185424804688;4
0;tesseract-ocr/tesseract;18;4600;819;98;4096;0.10651183128356934;4
0;godotengine/godot;29;31039;11426;1164;4096;0.9507203102111816;4
0;ocornut/imgui;64;5967;531;111;4096;0.18326663970947266;4
0;aria2/aria2;139;5438;201;47;4096;0.12907171249389648;4
0;Wox-launcher/Wox;37;3868;613;69;4096;0.08185601234436035;4
0;ShareX/ShareX;66;6303;753;183;4096;0.19082379341125488;4
0;icsharpcode/ILSpy;20;6172;569;100;4096;0.14043402671813965;4
0;MaterialDesignInXAML/MaterialDesignInXamlToolkit;27;2186;409;67;4096;0.051871299743652344;4
0;dotnet/efcore;48;8993;1146;119;4096;0.2635016441345215;4
0;aspnetboilerplate/aspnetboilerplate;195;6686;1225;154;4096;0.16651558876037598;4
0;jellyfin/jellyfin;29;16786;3688;247;4096;0.4194350242614746;4
0;SignalR/SignalR;29;4862;448;80;4096;0.14219927787780762;4
0;AutoMapper/AutoMapper;45;3617;784;92;4096;0.08325958251953125;4
0;cefsharp/CefSharp;60;6060;585;113;4096;0.1359083652496338;4
0;netdata/netdata;38;11250;1616;193;4096;0.31580328941345215;4
0;obsproject/obs-studio;105;8835;1599;251;4096;0.2544870376586914;4
0;ggreer/the_silver_searcher;49;1997;429;209;4096;0.045853614807128906;4
0;tmux/tmux;24;8247;1160;46;4096;0.1680312156677246;4
0;taosdata/TDengine;37;8892;3431;64;4096;0.26220035552978516;4
0;radareorg/radare2;66;24445;85;101;4096;0.5502021312713623;4
0;mpv-player/mpv;76;49278;318;197;4096;1.2655415534973145;4
0;nginx/nginx;530;7706;0;73;4096;0.19056296348571777;4
0;arendst/Tasmota;83;8589;2320;173;4096;0.31925344467163086;4
0;allinurl/goaccess;27;5544;359;85;4096;0.11260628700256348;4
0;discourse/discourse;184;38781;3971;682;4096;1.0571608543395996;4
0;Homebrew/brew;181;23642;5118;377;4096;0.6780304908752441;4
0;tootsuite/mastodon;80;9518;426;83;4096;0.3343491554260254;4
0;heartcombo/devise;116;3942;677;493;4096;0.09698104858398438;4
0;hashicorp/vagrant;143;13563;2287;935;4096;0.3741028308868408;4
0;CocoaPods/CocoaPods;123;8753;1663;293;4096;0.24709081649780273;4
0;diaspora/diaspora;84;19806;3785;416;4096;0.4853658676147461;4
0;sinatra/sinatra;68;4700;875;361;4096;0.11091327667236328;4
0;rubocop-hq/rubocop;150;9872;1853;370;4096;0.2944369316101074;4
0;gollum/gollum;83;2284;387;184;4096;0.053580284118652344;4
0;gohugoio/hugo;140;6069;147;41;4096;0.17092490196228027;4
0;gogs/gogs;58;5414;899;272;4096;0.17482566833496094;4
0;v2ray/v2ray-core;338;5372;425;69;4096;0.16721630096435547;4
0;prometheus/prometheus;108;8360;2163;270;4096;0.25109004974365234;4
0;etcd-io/etcd;160;17217;5606;545;4096;0.4440038204193115;4
0;traefik/traefik;98;4039;675;112;4096;0.09661126136779785;4
0;astaxie/beego;30;3595;947;369;4096;0.08143877983093262;4
0;istio/istio;110;15409;434;83;4096;0.4429948329925537;4
0;hashicorp/terraform;127;27624;5493;954;4096;0.7860870361328125;4
0;rclone/rclone;76;4877;1;21;4096;0.15704846382141113;4
0;vuejs/vue;158;5862;135;88;4096;0.12694954872131348;5
0;facebook/react;83;14847;2647;784;4096;0.4143214225769043;5
0;twbs/bootstrap;49;19356;4283;879;4096;0.46358180046081543;5
0;d3/d3;265;4282;688;116;4096;0.10810327529907227;5
0;facebook/react-native;188;21722;643;499;4096;0.6795189380645752;5
0;nodejs/node;593;59366;385;222;4096;1.9622485637664795;5
0;mrdoob/three.js;112;35221;8534;1240;4096;1.0320823192596436;5
0;angular/angular.js;145;12537;36;70;4096;0.35939669609069824;5
0;webpack/webpack;243;12329;3376;574;4096;0.38138318061828613;5
0;vercel/next.js;111;7017;94;23;4096;0.1993563175201416;5
0;microsoft/TypeScript;97;32736;8013;408;4096;0.8989279270172119;5
0;ant-design/ant-design;328;19698;2620;275;4096;0.5202896595001221;5
0;reduxjs/redux;64;3037;709;357;4096;0.12912487983703613;5
0;storybookjs/storybook;352;30879;8731;770;4096;0.8687472343444824;5
0;ionic-team/ionic-framework;119;15249;958;344;4096;0.4105210304260254;5
0;grafana/grafana;143;27658;4412;647;4096;0.7837069034576416;5
0;vercel/hyper;49;1284;34;22;4096;0.03333449363708496;5
0;facebook/jest;174;5095;259;147;4096;0.13326239585876465;5
0;nestjs/nest;145;5947;2230;162;4096;0.18235397338867188;5
0;vuetifyjs/vuetify;262;10972;474;63;4096;0.3265414237976074;5
0;elastic/elasticsearch;249;88299;4905;514;4096;2.512993574142456;5
0;spring-projects/spring-boot;109;27907;7869;52;4096;0.8884639739990234;5
0;spring-projects/spring-framework;141;25430;1020;114;4096;0.6646347045898438;5
0;square/okhttp;91;4952;1958;193;4096;0.12651729583740234;5
0;apache/dubbo;69;4750;211;62;4096;0.1715679168701172;5
0;PhilJay/MPAndroidChart;41;2009;325;75;4096;0.04548025131225586;5
0;bumptech/glide;32;2501;114;51;4096;0.05529952049255371;5
0;netty/netty;175;13439;270;73;4096;0.37867188453674316;5
0;ctripcorp/apollo;27;2413;822;39;4096;0.05673718452453613;5
0;alibaba/fastjson;88;4280;647;159;4096;0.09508323669433594;5
0;django/django;220;39318;600;429;4096;1.002974033355713;5
0;pallets/flask;32;3813;988;408;4096;0.0916898250579834;5
0;keras-team/keras;50;5343;721;180;4096;0.12398242950439453;5
0;ansible/ansible;147;55921;5556;1715;4096;1.565861701965332;5
0;psf/requests;138;5968;1498;578;4096;0.1450490951538086;5
0;scrapy/scrapy;82;9013;1681;351;4096;0.3199796676635742;5
0;home-assistant/core;393;30128;1853;266;4096;0.8486514091491699;5
0;soimort/you-get;136;2308;389;181;4096;0.06252622604370117;5
0;huggingface/transformers;36;5346;506;144;4096;0.1971111297607422;5
0;XX-net/XX-Net;309;2211;466;64;4096;0.06561040878295898;5
0;laravel/laravel;111;6364;1526;507;4096;0.14752864837646484;5
0;fzaninotto/Faker;12;2607;761;430;4096;0.060721397399902344;5
0;composer/composer;63;9008;2201;807;4096;0.26942992210388184;5
0;laravel/framework;584;29719;8576;1779;4096;0.8041722774505615;5
0;guzzle/guzzle;127;3579;575;316;4096;0.08971047401428223;5
0;bcit-ci/CodeIgniter;32;9331;1736;468;4096;0.26926159858703613;5
0;Seldaek/monolog;48;2389;642;353;4096;0.057555437088012695;5
0;sebastianbergmann/phpunit;535;16607;3675;216;4096;0.44319891929626465;5
0;briannesbitt/Carbon;148;2825;724;165;4096;0.07755088806152344;5
0;WordPress/WordPress;449;48256;5;103;4096;1.2107946872711182;5
0;electron/electron;506;27850;4189;684;4096;0.8266022205352783;5
0;opencv/opencv;66;29260;8504;1199;4096;0.7630553245544434;5
0;bitcoin/bitcoin;100;26300;8900;754;4096;0.9161181449890137;5
0;protocolbuffers/protobuf;45;7698;2358;460;4096;0.19380497932434082;5
0;pytorch/pytorch;28;28585;630;208;4096;0.8741357326507568;5
0;microsoft/PowerToys;22;3979;459;90;4096;0.15207147598266602;5
0;tesseract-ocr/tesseract;18;4600;819;98;4096;0.10445141792297363;5
0;godotengine/godot;29;31039;11426;1164;4096;0.9052839279174805;5
0;ocornut/imgui;64;5967;531;111;4096;0.13283777236938477;5
0;aria2/aria2;139;5438;201;47;4096;0.1955718994140625;5
0;Wox-launcher/Wox;37;3868;613;69;4096;0.08229994773864746;5
0;ShareX/ShareX;66;6303;753;183;4096;0.13756179809570312;5
0;icsharpcode/ILSpy;20;6172;569;100;4096;0.2032928466796875;5
0;MaterialDesignInXAML/MaterialDesignInXamlToolkit;27;2186;409;67;4096;0.05280590057373047;5
0;dotnet/efcore;48;8993;1146;119;4096;0.22781777381896973;5
0;aspnetboilerplate/aspnetboilerplate;195;6686;1225;154;4096;0.20233941078186035;5
0;jellyfin/jellyfin;29;16786;3688;247;4096;0.41087818145751953;5
0;SignalR/SignalR;29;4862;448;80;4096;0.10687732696533203;5
0;AutoMapper/AutoMapper;45;3617;784;92;4096;0.08295249938964844;5
0;cefsharp/CefSharp;60;6060;585;113;4096;0.18167948722839355;5
0;netdata/netdata;38;11250;1616;193;4096;0.31688952445983887;5
0;obsproject/obs-studio;105;8835;1599;251;4096;0.2238602638244629;5
0;ggreer/the_silver_searcher;49;1997;429;209;4096;0.0462040901184082;5
0;tmux/tmux;24;8247;1160;46;4096;0.21088504791259766;5
0;taosdata/TDengine;37;8892;3431;64;4096;0.2138357162475586;5
0;radareorg/radare2;66;24445;85;101;4096;0.5836942195892334;5
0;mpv-player/mpv;76;49278;318;197;4096;1.2275161743164062;5
0;nginx/nginx;530;7706;0;73;4096;0.27057504653930664;5
0;arendst/Tasmota;83;8589;2320;173;4096;0.21482515335083008;5
0;allinurl/goaccess;27;5544;359;85;4096;0.18876385688781738;5
0;discourse/discourse;184;38781;3971;682;4096;0.9721662998199463;5
0;Homebrew/brew;181;23642;5118;377;4096;0.7208235263824463;5
0;tootsuite/mastodon;80;9518;426;83;4096;0.25397229194641113;5
0;heartcombo/devise;116;3942;677;493;4096;0.1538839340209961;5
0;hashicorp/vagrant;143;13563;2287;935;4096;0.37537193298339844;5
0;CocoaPods/CocoaPods;123;8753;1663;293;4096;0.20896244049072266;5
0;diaspora/diaspora;84;19806;3785;416;4096;0.4926483631134033;5
0;sinatra/sinatra;68;4700;875;361;4096;0.15978574752807617;5
0;rubocop-hq/rubocop;150;9872;1853;370;4096;0.2430422306060791;5
0;gollum/gollum;83;2284;387;184;4096;0.09220194816589355;5
0;gohugoio/hugo;140;6069;147;41;4096;0.1692647933959961;5
0;gogs/gogs;58;5414;899;272;4096;0.12670087814331055;5
0;v2ray/v2ray-core;338;5372;425;69;4096;0.20647335052490234;5
0;prometheus/prometheus;108;8360;2163;270;4096;0.21822643280029297;5
0;etcd-io/etcd;160;17217;5606;545;4096;0.4447329044342041;5
0;traefik/traefik;98;4039;675;112;4096;0.1382734775543213;5
0;astaxie/beego;30;3595;947;369;4096;0.08018827438354492;5
0;istio/istio;110;15409;434;83;4096;0.42688965797424316;5
0;hashicorp/terraform;127;27624;5493;954;4096;0.7817025184631348;5
0;rclone/rclone;76;4877;1;21;4096;0.1085975170135498;5
0;vuejs/vue;158;5862;135;88;4096;0.12996697425842285;6
0;facebook/react;83;14847;2647;784;4096;0.42687273025512695;6
0;twbs/bootstrap;49;19356;4283;879;4096;0.5141568183898926;6
0;d3/d3;265;4282;688;116;4096;0.10958981513977051;6
0;facebook/react-native;188;21722;643;499;4096;0.6374742984771729;6
0;nodejs/node;593;59366;385;222;4096;1.9556124210357666;6
0;mrdoob/three.js;112;35221;8534;1240;4096;1.0695912837982178;6
0;angular/angular.js;145;12537;36;70;4096;0.29495859146118164;6
0;webpack/webpack;243;12329;3376;574;4096;0.410520076751709;6
0;vercel/next.js;111;7017;94;23;4096;0.26535534858703613;6
0;microsoft/TypeScript;97;32736;8013;408;4096;0.8840658664703369;6
0;ant-design/ant-design;328;19698;2620;275;4096;0.5279827117919922;6
0;reduxjs/redux;64;3037;709;357;4096;0.07073354721069336;6
0;storybookjs/storybook;352;30879;8731;770;4096;0.912299394607544;6
0;ionic-team/ionic-framework;119;15249;958;344;4096;0.40247559547424316;6
0;grafana/grafana;143;27658;4412;647;4096;0.7753274440765381;6
0;vercel/hyper;49;1284;34;22;4096;0.03333640098571777;6
0;facebook/jest;174;5095;259;147;4096;0.1792914867401123;6
0;nestjs/nest;145;5947;2230;162;4096;0.1808462142944336;6
0;vuetifyjs/vuetify;262;10972;474;63;4096;0.31615495681762695;6
0;elastic/elasticsearch;249;88299;4905;514;4096;2.516249895095825;6
0;spring-projects/spring-boot;109;27907;7869;52;4096;0.9015419483184814;6
0;spring-projects/spring-framework;141;25430;1020;114;4096;0.6271684169769287;6
0;square/okhttp;91;4952;1958;193;4096;0.19308137893676758;6
0;apache/dubbo;69;4750;211;62;4096;0.11895179748535156;6
0;PhilJay/MPAndroidChart;41;2009;325;75;4096;0.045565128326416016;6
0;bumptech/glide;32;2501;114;51;4096;0.05509781837463379;6
0;netty/netty;175;13439;270;73;4096;0.37572622299194336;6
0;ctripcorp/apollo;27;2413;822;39;4096;0.05613088607788086;6
0;alibaba/fastjson;88;4280;647;159;4096;0.13296008110046387;6
0;django/django;220;39318;600;429;4096;0.9582436084747314;6
0;pallets/flask;32;3813;988;408;4096;0.15649175643920898;6
0;keras-team/keras;50;5343;721;180;4096;0.12214398384094238;6
0;ansible/ansible;147;55921;5556;1715;4096;1.528287649154663;6
0;psf/requests;138;5968;1498;578;4096;0.1442399024963379;6
0;scrapy/scrapy;82;9013;1681;351;4096;0.2144331932067871;6
0;home-assistant/core;393;30128;1853;266;4096;0.9416563510894775;6
0;soimort/you-get;136;2308;389;181;4096;0.11171364784240723;6
0;huggingface/transformers;36;5346;506;144;4096;0.1342623233795166;6
0;XX-net/XX-Net;309;2211;466;64;4096;0.06499886512756348;6
0;laravel/laravel;111;6364;1526;507;4096;0.1962897777557373;6
0;fzaninotto/Faker;12;2607;761;430;4096;0.06185030937194824;6
0;composer/composer;63;9008;2201;807;4096;0.21366143226623535;6
0;laravel/framework;584;29719;8576;1779;4096;0.8140323162078857;6
0;guzzle/guzzle;127;3579;575;316;4096;0.13995790481567383;6
0;bcit-ci/CodeIgniter;32;9331;1736;468;4096;0.20714378356933594;6
0;Seldaek/monolog;48;2389;642;353;4096;0.05752754211425781;6
0;sebastianbergmann/phpunit;535;16607;3675;216;4096;0.44705653190612793;6
0;briannesbitt/Carbon;148;2825;724;165;4096;0.11147284507751465;6
0;WordPress/WordPress;449;48256;5;103;4096;1.232189416885376;6
0;electron/electron;506;27850;4189;684;4096;0.8478269577026367;6
0;opencv/opencv;66;29260;8504;1199;4096;0.7733280658721924;6
0;bitcoin/bitcoin;100;26300;8900;754;4096;0.8771460056304932;6
0;protocolbuffers/protobuf;45;7698;2358;460;4096;0.2629678249359131;6
0;pytorch/pytorch;28;28585;630;208;4096;0.853651762008667;6
0;microsoft/PowerToys;22;3979;459;90;4096;0.10188508033752441;6
0;tesseract-ocr/tesseract;18;4600;819;98;4096;0.10650277137756348;6
0;godotengine/godot;29;31039;11426;1164;4096;0.9458723068237305;6
0;ocornut/imgui;64;5967;531;111;4096;0.1833341121673584;6
0;aria2/aria2;139;5438;201;47;4096;0.12990880012512207;6
0;Wox-launcher/Wox;37;3868;613;69;4096;0.0830533504486084;6
0;ShareX/ShareX;66;6303;753;183;4096;0.1959545612335205;6
0;icsharpcode/ILSpy;20;6172;569;100;4096;0.14301776885986328;6
0;MaterialDesignInXAML/MaterialDesignInXamlToolkit;27;2186;409;67;4096;0.05312538146972656;6
0;dotnet/efcore;48;8993;1146;119;4096;0.26587533950805664;6
0;aspnetboilerplate/aspnetboilerplate;195;6686;1225;154;4096;0.1646127700805664;6
0;jellyfin/jellyfin;29;16786;3688;247;4096;0.41889357566833496;6
0;SignalR/SignalR;29;4862;448;80;4096;0.14458680152893066;6
0;AutoMapper/AutoMapper;45;3617;784;92;4096;0.08324623107910156;6
0;cefsharp/CefSharp;60;6060;585;113;4096;0.13538074493408203;6
0;netdata/netdata;38;11250;1616;193;4096;0.32047176361083984;6
0;obsproject/obs-studio;105;8835;1599;251;4096;0.25768423080444336;6
0;ggreer/the_silver_searcher;49;1997;429;209;4096;0.0461270809173584;6
0;tmux/tmux;24;8247;1160;46;4096;0.16898512840270996;6
0;taosdata/TDengine;37;8892;3431;64;4096;0.25853681564331055;6
0;radareorg/radare2;66;24445;85;101;4096;0.5545704364776611;6
0;mpv-player/mpv;76;49278;318;197;4096;1.2623112201690674;6
0;nginx/nginx;530;7706;0;73;4096;0.18988513946533203;6
0;arendst/Tasmota;83;8589;2320;173;4096;0.3117215633392334;6
0;allinurl/goaccess;27;5544;359;85;4096;0.11326003074645996;6
0;discourse/discourse;184;38781;3971;682;4096;1.053652048110962;6
0;Homebrew/brew;181;23642;5118;377;4096;0.6744787693023682;6
0;tootsuite/mastodon;80;9518;426;83;4096;0.3312067985534668;6
0;heartcombo/devise;116;3942;677;493;4096;0.09520220756530762;6
0;hashicorp/vagrant;143;13563;2287;935;4096;0.3707704544067383;6
0;CocoaPods/CocoaPods;123;8753;1663;293;4096;0.24974513053894043;6
0;diaspora/diaspora;84;19806;3785;416;4096;0.48868751525878906;6
0;sinatra/sinatra;68;4700;875;361;4096;0.11006617546081543;6
0;rubocop-hq/rubocop;150;9872;1853;370;4096;0.2950289249420166;6
0;gollum/gollum;83;2284;387;184;4096;0.053816795349121094;6
0;gohugoio/hugo;140;6069;147;41;4096;0.17059540748596191;6
0;gogs/gogs;58;5414;899;272;4096;0.17749786376953125;6
0;v2ray/v2ray-core;338;5372;425;69;4096;0.1678783893585205;6
0;prometheus/prometheus;108;8360;2163;270;4096;0.2522580623626709;6
0;etcd-io/etcd;160;17217;5606;545;4096;0.4472665786743164;6
0;traefik/traefik;98;4039;675;112;4096;0.09708166122436523;6
0;astaxie/beego;30;3595;947;369;4096;0.08173394203186035;6
0;istio/istio;110;15409;434;83;4096;0.4519217014312744;6
0;hashicorp/terraform;127;27624;5493;954;4096;0.7905561923980713;6
0;rclone/rclone;76;4877;1;21;4096;0.15790009498596191;6
0;vuejs/vue;158;5862;135;88;4096;0.12952089309692383;7
0;facebook/react;83;14847;2647;784;4096;0.42089104652404785;7
0;twbs/bootstrap;49;19356;4283;879;4096;0.46793532371520996;7
0;d3/d3;265;4282;688;116;4096;0.10900044441223145;7
0;facebook/react-native;188;21722;643;499;4096;0.683096170425415;7
0;nodejs/node;593;59366;385;222;4096;1.969146966934204;7
0;mrdoob/three.js;112;35221;8534;1240;4096;1.0428693294525146;7
0;angular/angular.js;145;12537;36;70;4096;0.3591890335083008;7
0;webpack/webpack;243;12329;3376;574;4096;0.38496875762939453;7
0;vercel/next.js;111;7017;94;23;4096;0.19939875602722168;7
0;microsoft/TypeScript;97;32736;8013;408;4096;0.9007673263549805;7
0;ant-design/ant-design;328;19698;2620;275;4096;0.5216138362884521;7
0;reduxjs/redux;64;3037;709;357;4096;0.13154006004333496;7
0;storybookjs/storybook;352;30879;8731;770;4096;0.8734860420227051;7
0;ionic-team/ionic-framework;119;15249;958;344;4096;0.4120168685913086;7
0;grafana/grafana;143;27658;4412;647;4096;0.7885749340057373;7
0;vercel/hyper;49;1284;34;22;4096;0.0327448844909668;7
0;facebook/jest;174;5095;259;147;4096;0.1322154998779297;7
0;nestjs/nest;145;5947;2230;162;4096;0.1835627555847168;7
0;vuetifyjs/vuetify;262;10972;474;63;4096;0.3260529041290283;7
0;elastic/elasticsearch;249;88299;4905;514;4096;2.5571670532226562;7
0;spring-projects/spring-boot;109;27907;7869;52;4096;0.8936283588409424;7
0;spring-projects/spring-framework;141;25430;1020;114;4096;0.6710953712463379;7
0;square/okhttp;91;4952;1958;193;4096;0.12769651412963867;7
0;apache/dubbo;69;4750;211;62;4096;0.17304229736328125;7
0;PhilJay/MPAndroidChart;41;2009;325;75;4096;0.0448460578918457;7
0;bumptech/glide;32;2501;114;51;4096;0.05471491813659668;7
0;netty/netty;175;13439;270;73;4096;0.38065600395202637;7
0;ctripcorp/apollo;27;2413;822;39;4096;0.05669450759887695;7
0;alibaba/fastjson;88;4280;647;159;4096;0.09573769569396973;7
0;django/django;220;39318;600;429;4096;1.0073223114013672;7
0;pallets/flask;32;3813;988;408;4096;0.09387350082397461;7
0;keras-team/keras;50;5343;721;180;4096;0.12484502792358398;7
0;ansible/ansible;147;55921;5556;1715;4096;1.5727901458740234;7
0;psf/requests;138;5968;1498;578;4096;0.1439361572265625;7
0;scrapy/scrapy;82;9013;1681;351;4096;0.32462644577026367;7
0;home-assistant/core;393;30128;1853;266;4096;0.8533077239990234;7
0;soimort/you-get;136;2308;389;181;4096;0.0628669261932373;7
0;huggingface/transformers;36;5346;506;144;4096;0.1957690715789795;7
0;XX-net/XX-Net;309;2211;466;64;4096;0.06564855575561523;7
0;laravel/laravel;111;6364;1526;507;4096;0.1489880084991455;7
0;fzaninotto/Faker;12;2607;761;430;4096;0.0611729621887207;7
0;composer/composer;63;9008;2201;807;4096;0.2748837471008301;7
0;laravel/framework;584;29719;8576;1779;4096;0.8147330284118652;7
0;guzzle/guzzle;127;3579;575;316;4096;0.09026479721069336;7
0;bcit-ci/CodeIgniter;32;9331;1736;468;4096;0.27031588554382324;7
0;Seldaek/monolog;48;2389;642;353;4096;0.05789542198181152;7
0;sebastianbergmann/phpunit;535;16607;3675;216;4096;0.45066094398498535;7
0;briannesbitt/Carbon;148;2825;724;165;4096;0.07816195487976074;7
0;WordPress/WordPress;449;48256;5;103;4096;1.2248218059539795;7
0;electron/electron;506;27850;4189;684;4096;0.8312389850616455;7
0;opencv/opencv;66;29260;8504;1199;4096;0.7729818820953369;7
0;bitcoin/bitcoin;100;26300;8900;754;4096;0.9220485687255859;7
0;protocolbuffers/protobuf;45;7698;2358;460;4096;0.19051098823547363;7
0;pytorch/pytorch;28;28585;630;208;4096;0.8834822177886963;7
0;microsoft/PowerToys;22;3979;459;90;4096;0.15253019332885742;7
0;tesseract-ocr/tesseract;18;4600;819;98;4096;0.10448384284973145;7
0;godotengine/godot;29;31039;11426;1164;4096;0.9078333377838135;7
0;ocornut/imgui;64;5967;531;111;4096;0.13215923309326172;7
0;aria2/aria2;139;5438;201;47;4096;0.19432997703552246;7
0;Wox-launcher/Wox;37;3868;613;69;4096;0.08377933502197266;7
0;ShareX/ShareX;66;6303;753;183;4096;0.13758182525634766;7
0;icsharpcode/ILSpy;20;6172;569;100;4096;0.20657992362976074;7
0;MaterialDesignInXAML/MaterialDesignInXamlToolkit;27;2186;409;67;4096;0.05207324028015137;7
0;dotnet/efcore;48;8993;1146;119;4096;0.23032236099243164;7
0;aspnetboilerplate/aspnetboilerplate;195;6686;1225;154;4096;0.2026045322418213;7
0;jellyfin/jellyfin;29;16786;3688;247;4096;0.4105696678161621;7
0;SignalR/SignalR;29;4862;448;80;4096;0.10489082336425781;7
0;AutoMapper/AutoMapper;45;3617;784;92;4096;0.08291983604431152;7
0;cefsharp/CefSharp;60;6060;585;113;4096;0.18150830268859863;7
0;netdata/netdata;38;11250;1616;193;4096;0.31795787811279297;7
0;obsproject/obs-studio;105;8835;1599;251;4096;0.2287898063659668;7
0;ggreer/the_silver_searcher;49;1997;429;209;4096;0.04647326469421387;7
0;tmux/tmux;24;8247;1160;46;4096;0.21158504486083984;7
0;taosdata/TDengine;37;8892;3431;64;4096;0.21535229682922363;7
0;radareorg/radare2;66;24445;85;101;4096;0.5891213417053223;7
0;mpv-player/mpv;76;49278;318;197;4096;1.2339298725128174;7
0;nginx/nginx;530;7706;0;73;4096;0.2722196578979492;7
0;arendst/Tasmota;83;8589;2320;173;4096;0.21356487274169922;7
0;allinurl/goaccess;27;5544;359;85;4096;0.19349956512451172;7
0;discourse/discourse;184;38781;3971;682;4096;0.9842250347137451;7
0;Homebrew/brew;181;23642;5118;377;4096;0.723996639251709;7
0;tootsuite/mastodon;80;9518;426;83;4096;0.25275588035583496;7
0;heartcombo/devise;116;3942;677;493;4096;0.15317034721374512;7
0;hashicorp/vagrant;143;13563;2287;935;4096;0.37508392333984375;7
0;CocoaPods/CocoaPods;123;8753;1663;293;4096;0.21053028106689453;7
0;diaspora/diaspora;84;19806;3785;416;4096;0.5023043155670166;7
0;sinatra/sinatra;68;4700;875;361;4096;0.16256380081176758;7
0;rubocop-hq/rubocop;150;9872;1853;370;4096;0.24471163749694824;7
0;gollum/gollum;83;2284;387;184;4096;0.09250831604003906;7
0;gohugoio/hugo;140;6069;147;41;4096;0.170806884765625;7
0;gogs/gogs;58;5414;899;272;4096;0.12734460830688477;7
0;v2ray/v2ray-core;338;5372;425;69;4096;0.2076702117919922;7
0;prometheus/prometheus;108;8360;2163;270;4096;0.21711397171020508;7
0;etcd-io/etcd;160;17217;5606;545;4096;0.4501686096191406;7
0;traefik/traefik;98;4039;675;112;4096;0.1443483829498291;7
0;astaxie/beego;30;3595;947;369;4096;0.08111953735351562;7
0;istio/istio;110;15409;434;83;4096;0.4309549331665039;7
0;hashicorp/terraform;127;27624;5493;954;4096;0.7955291271209717;7
0;rclone/rclone;76;4877;1;21;4096;0.11187934875488281;7
0;vuejs/vue;158;5862;135;88;4096;0.13167929649353027;8
0;facebook/react;83;14847;2647;784;4096;0.4302196502685547;8
0;twbs/bootstrap;49;19356;4283;879;4096;0.520392656326294;8
0;d3/d3;265;4282;688;116;4096;0.10995054244995117;8
0;facebook/react-native;188;21722;643;499;4096;0.639777421951294;8
0;nodejs/node;593;59366;385;222;4096;1.9571304321289062;8
0;mrdoob/three.js;112;35221;8534;1240;4096;1.0634503364562988;8
0;angular/angular.js;145;12537;36;70;4096;0.29091978073120117;8
0;webpack/webpack;243;12329;3376;574;4096;0.4054286479949951;8
0;vercel/next.js;111;7017;94;23;4096;0.26836109161376953;8
0;microsoft/TypeScript;97;32736;8013;408;4096;0.8820064067840576;8
0;ant-design/ant-design;328;19698;2620;275;4096;0.5267224311828613;8
0;reduxjs/redux;64;3037;709;357;4096;0.07065153121948242;8
0;storybookjs/storybook;352;30879;8731;770;4096;0.9102520942687988;8
0;ionic-team/ionic-framework;119;15249;958;344;4096;0.4041099548339844;8
0;grafana/grafana;143;27658;4412;647;4096;0.7799563407897949;8
0;vercel/hyper;49;1284;34;22;4096;0.03306269645690918;8
0;facebook/jest;174;5095;259;147;4096;0.1802663803100586;8
0;nestjs/nest;145;5947;2230;162;4096;0.18091249465942383;8
0;vuetifyjs/vuetify;262;10972;474;63;4096;0.3170435428619385;8
0;elastic/elasticsearch;249;88299;4905;514;4096;2.517329454421997;8
0;spring-projects/spring-boot;109;27907;7869;52;4096;0.9070339202880859;8
0;spring-projects/spring-framework;141;25430;1020;114;4096;0.6281418800354004;8
0;square/okhttp;91;4952;1958;193;4096;0.19600200653076172;8
0;apache/dubbo;69;4750;211;62;4096;0.12044763565063477;8
0;PhilJay/MPAndroidChart;41;2009;325;75;4096;0.04656505584716797;8
0;bumptech/glide;32;2501;114;51;4096;0.056226491928100586;8
0;netty/netty;175;13439;270;73;4096;0.3775506019592285;8
0;ctripcorp/apollo;27;2413;822;39;4096;0.05625343322753906;8
0;alibaba/fastjson;88;4280;647;159;4096;0.1340620517730713;8
0;django/django;220;39318;600;429;4096;0.956486701965332;8
0;pallets/flask;32;3813;988;408;4096;0.1565999984741211;8
0;keras-team/keras;50;5343;721;180;4096;0.12166023254394531;8
0;ansible/ansible;147;55921;5556;1715;4096;1.5434870719909668;8
0;psf/requests;138;5968;1498;578;4096;0.14422821998596191;8
0;scrapy/scrapy;82;9013;1681;351;4096;0.21413660049438477;8
0;home-assistant/core;393;30128;1853;266;4096;0.9492402076721191;8
0;soimort/you-get;136;2308;389;181;4096;0.1113276481628418;8
0;huggingface/transformers;36;5346;506;144;4096;0.13418078422546387;8
0;XX-net/XX-Net;309;2211;466;64;4096;0.06485986709594727;8
0;laravel/laravel;111;6364;1526;507;4096;0.19729113578796387;8
0;fzaninotto/Faker;12;2607;761;430;4096;0.06198906898498535;8
0;composer/composer;63;9008;2201;807;4096;0.2114713191986084;8
0;laravel/framework;584;29719;8576;1779;4096;0.821272611618042;8
0;guzzle/guzzle;127;3579;575;316;4096;0.14026594161987305;8
0;bcit-ci/CodeIgniter;32;9331;1736;468;4096;0.2069845199584961;8
0;Seldaek/monolog;48;2389;642;353;4096;0.05758166313171387;8
0;sebastianbergmann/phpunit;535;16607;3675;216;4096;0.4487760066986084;8
0;briannesbitt/Carbon;148;2825;724;165;4096;0.11220741271972656;8
0;WordPress/WordPress;449;48256;5;103;4096;1.2180132865905762;8
0;electron/electron;506;27850;4189;684;4096;0.8442213535308838;8
0;opencv/opencv;66;29260;8504;1199;4096;0.7753262519836426;8
0;bitcoin/bitcoin;100;26300;8900;754;4096;0.8715698719024658;8
0;protocolbuffers/protobuf;45;7698;2358;460;4096;0.26526379585266113;8
0;pytorch/pytorch;28;28585;630;208;4096;0.8541052341461182;8
0;microsoft/PowerToys;22;3979;459;90;4096;0.10193896293640137;8
0;tesseract-ocr/tesseract;18;4600;819;98;4096;0.10880374908447266;8
0;godotengine/godot;29;31039;11426;1164;4096;0.965266227722168;8
0;ocornut/imgui;64;5967;531;111;4096;0.18521761894226074;8
0;aria2/aria2;139;5438;201;47;4096;0.13100266456604004;8
0;Wox-launcher/Wox;37;3868;613;69;4096;0.08318734169006348;8
0;ShareX/ShareX;66;6303;753;183;4096;0.19546937942504883;8
0;icsharpcode/ILSpy;20;6172;569;100;4096;0.14644742012023926;8
0;MaterialDesignInXAML/MaterialDesignInXamlToolkit;27;2186;409;67;4096;0.05285072326660156;8
0;dotnet/efcore;48;8993;1146;119;4096;0.2666499614715576;8
0;aspnetboilerplate/aspnetboilerplate;195;6686;1225;154;4096;0.165679931640625;8
0;jellyfin/jellyfin;29;16786;3688;247;4096;0.4190969467163086;8
0;SignalR/SignalR;29;4862;448;80;4096;0.1448378562927246;8
0;AutoMapper/AutoMapper;45;3617;784;92;4096;0.08371162414550781;8
0;cefsharp/CefSharp;60;6060;585;113;4096;0.13620853424072266;8
0;netdata/netdata;38;11250;1616;193;4096;0.3216269016265869;8
0;obsproject/obs-studio;105;8835;1599;251;4096;0.2567274570465088;8
0;ggreer/the_silver_searcher;49;1997;429;209;4096;0.04616403579711914;8
0;tmux/tmux;24;8247;1160;46;4096;0.17052268981933594;8
0;taosdata/TDengine;37;8892;3431;64;4096;0.25979089736938477;8
0;radareorg/radare2;66;24445;85;101;4096;0.5487399101257324;8
0;mpv-player/mpv;76;49278;318;197;4096;1.2616066932678223;8
0;nginx/nginx;530;7706;0;73;4096;0.1904003620147705;8
0;arendst/Tasmota;83;8589;2320;173;4096;0.31197428703308105;8
0;allinurl/goaccess;27;5544;359;85;4096;0.11292243003845215;8
0;discourse/discourse;184;38781;3971;682;4096;1.0534472465515137;8
0;Homebrew/brew;181;23642;5118;377;4096;0.6781394481658936;8
0;tootsuite/mastodon;80;9518;426;83;4096;0.3319270610809326;8
0;heartcombo/devise;116;3942;677;493;4096;0.09688138961791992;8
0;hashicorp/vagrant;143;13563;2287;935;4096;0.3748016357421875;8
0;CocoaPods/CocoaPods;123;8753;1663;293;4096;0.25283360481262207;8
0;diaspora/diaspora;84;19806;3785;416;4096;0.4972209930419922;8
0;sinatra/sinatra;68;4700;875;361;4096;0.10990762710571289;8
0;rubocop-hq/rubocop;150;9872;1853;370;4096;0.2950923442840576;8
0;gollum/gollum;83;2284;387;184;4096;0.053591251373291016;8
0;gohugoio/hugo;140;6069;147;41;4096;0.17196273803710938;8
0;gogs/gogs;58;5414;899;272;4096;0.18270254135131836;8
0;v2ray/v2ray-core;338;5372;425;69;4096;0.17172503471374512;8
0;prometheus/prometheus;108;8360;2163;270;4096;0.2521843910217285;8
0;etcd-io/etcd;160;17217;5606;545;4096;0.44578099250793457;8
0;traefik/traefik;98;4039;675;112;4096;0.09673285484313965;8
0;astaxie/beego;30;3595;947;369;4096;0.08171772956848145;8
0;istio/istio;110;15409;434;83;4096;0.45566368103027344;8
0;hashicorp/terraform;127;27624;5493;954;4096;0.8042893409729004;8
0;rclone/rclone;76;4877;1;21;4096;0.1604452133178711;8
0;vuejs/vue;158;5862;135;88;4096;0.13033199310302734;9
0;facebook/react;83;14847;2647;784;4096;0.4305245876312256;9
0;twbs/bootstrap;49;19356;4283;879;4096;0.47217679023742676;9
0;d3/d3;265;4282;688;116;4096;0.10907316207885742;9
0;facebook/react-native;188;21722;643;499;4096;0.6891984939575195;9
0;nodejs/node;593;59366;385;222;4096;1.9747450351715088;9
0;mrdoob/three.js;112;35221;8534;1240;4096;1.0473623275756836;9
0;angular/angular.js;145;12537;36;70;4096;0.3596608638763428;9
0;webpack/webpack;243;12329;3376;574;4096;0.38317275047302246;9
0;vercel/next.js;111;7017;94;23;4096;0.2002396583557129;9
0;microsoft/TypeScript;97;32736;8013;408;4096;0.9076125621795654;9
0;ant-design/ant-design;328;19698;2620;275;4096;0.5240354537963867;9
0;reduxjs/redux;64;3037;709;357;4096;0.1352994441986084;9
0;storybookjs/storybook;352;30879;8731;770;4096;0.875819206237793;9
0;ionic-team/ionic-framework;119;15249;958;344;4096;0.4135103225708008;9
0;grafana/grafana;143;27658;4412;647;4096;0.7920150756835938;9
0;vercel/hyper;49;1284;34;22;4096;0.03229093551635742;9
0;facebook/jest;174;5095;259;147;4096;0.13274288177490234;9
0;nestjs/nest;145;5947;2230;162;4096;0.18406891822814941;9
0;vuetifyjs/vuetify;262;10972;474;63;4096;0.3270728588104248;9
0;elastic/elasticsearch;249;88299;4905;514;4096;2.525618076324463;9
0;spring-projects/spring-boot;109;27907;7869;52;4096;0.8988633155822754;9
0;spring-projects/spring-framework;141;25430;1020;114;4096;0.672508955001831;9
0;square/okhttp;91;4952;1958;193;4096;0.12829065322875977;9
0;apache/dubbo;69;4750;211;62;4096;0.17327189445495605;9
0;PhilJay/MPAndroidChart;41;2009;325;75;4096;0.045491695404052734;9
0;bumptech/glide;32;2501;114;51;4096;0.05508685111999512;9
0;netty/netty;175;13439;270;73;4096;0.38849306106567383;9
0;ctripcorp/apollo;27;2413;822;39;4096;0.056949615478515625;9
0;alibaba/fastjson;88;4280;647;159;4096;0.09573197364807129;9
0;django/django;220;39318;600;429;4096;1.010387659072876;9
0;pallets/flask;32;3813;988;408;4096;0.09205508232116699;9
0;keras-team/keras;50;5343;721;180;4096;0.1243448257446289;9
0;ansible/ansible;147;55921;5556;1715;4096;1.5860135555267334;9
0;psf/requests;138;5968;1498;578;4096;0.14412140846252441;9
0;scrapy/scrapy;82;9013;1681;351;4096;0.32077741622924805;9
0;home-assistant/core;393;30128;1853;266;4096;0.8620529174804688;9
0;soimort/you-get;136;2308;389;181;4096;0.06253409385681152;9
0;huggingface/transformers;36;5346;506;144;4096;0.19515419006347656;9
0;XX-net/XX-Net;309;2211;466;64;4096;0.06513643264770508;9
0;laravel/laravel;111;6364;1526;507;4096;0.14816713333129883;9
0;fzaninotto/Faker;12;2607;761;430;4096;0.06181693077087402;9
0;composer/composer;63;9008;2201;807;4096;0.2756478786468506;9
0;laravel/framework;584;29719;8576;1779;4096;0.813847541809082;9
0;guzzle/guzzle;127;3579;575;316;4096;0.09008502960205078;9
0;bcit-ci/CodeIgniter;32;9331;1736;468;4096;0.2702014446258545;9
0;Seldaek/monolog;48;2389;642;353;4096;0.058640241622924805;9
0;sebastianbergmann/phpunit;535;16607;3675;216;4096;0.45079922676086426;9
0;briannesbitt/Carbon;148;2825;724;165;4096;0.07845425605773926;9
0;WordPress/WordPress;449;48256;5;103;4096;1.2271368503570557;9
0;electron/electron;506;27850;4189;684;4096;0.831566572189331;9
0;opencv/opencv;66;29260;8504;1199;4096;0.7688696384429932;9
0;bitcoin/bitcoin;100;26300;8900;754;4096;0.9207994937896729;9
0;protocolbuffers/protobuf;45;7698;2358;460;4096;0.1907808780670166;9
0;pytorch/pytorch;28;28585;630;208;4096;0.8849575519561768;9
0;microsoft/PowerToys;22;3979;459;90;4096;0.15269064903259277;9
0;tesseract-ocr/tesseract;18;4600;819;98;4096;0.10458159446716309;9
0;godotengine/godot;29;31039;11426;1164;4096;0.912588357925415;9
0;ocornut/imgui;64;5967;531;111;4096;0.13234925270080566;9
0;aria2/aria2;139;5438;201;47;4096;0.1949291229248047;9
0;Wox-launcher/Wox;37;3868;613;69;4096;0.08214235305786133;9
0;ShareX/ShareX;66;6303;753;183;4096;0.1381540298461914;9
0;icsharpcode/ILSpy;20;6172;569;100;4096;0.20991086959838867;9
0;MaterialDesignInXAML/MaterialDesignInXamlToolkit;27;2186;409;67;4096;0.054411888122558594;9
0;dotnet/efcore;48;8993;1146;119;4096;0.23321032524108887;9
0;aspnetboilerplate/aspnetboilerplate;195;6686;1225;154;4096;0.203352689743042;9
0;jellyfin/jellyfin;29;16786;3688;247;4096;0.4146900177001953;9
0;SignalR/SignalR;29;4862;448;80;4096;0.10554885864257812;9
0;AutoMapper/AutoMapper;45;3617;784;92;4096;0.0831758975982666;9
0;cefsharp/CefSharp;60;6060;585;113;4096;0.18405747413635254;9
0;netdata/netdata;38;11250;1616;193;4096;0.32236552238464355;9
0;obsproject/obs-studio;105;8835;1599;251;4096;0.22598576545715332;9
0;ggreer/the_silver_searcher;49;1997;429;209;4096;0.046666860580444336;9
0;tmux/tmux;24;8247;1160;46;4096;0.21595501899719238;9
0;taosdata/TDengine;37;8892;3431;64;4096;0.220261812210083;9
0;radareorg/radare2;66;24445;85;101;4096;0.5983052253723145;9
0;mpv-player/mpv;76;49278;318;197;4096;1.2367682456970215;9
0;nginx/nginx;530;7706;0;73;4096;0.2715435028076172;9
0;arendst/Tasmota;83;8589;2320;173;4096;0.21384525299072266;9
0;allinurl/goaccess;27;5544;359;85;4096;0.19722247123718262;9
0;discourse/discourse;184;38781;3971;682;4096;0.9690446853637695;9
0;Homebrew/brew;181;23642;5118;377;4096;0.730741024017334;9
0;tootsuite/mastodon;80;9518;426;83;4096;0.2541995048522949;9
0;heartcombo/devise;116;3942;677;493;4096;0.15462541580200195;9
0;hashicorp/vagrant;143;13563;2287;935;4096;0.3796379566192627;9
0;CocoaPods/CocoaPods;123;8753;1663;293;4096;0.2116231918334961;9
0;diaspora/diaspora;84;19806;3785;416;4096;0.4968833923339844;9
0;sinatra/sinatra;68;4700;875;361;4096;0.16786956787109375;9
0;rubocop-hq/rubocop;150;9872;1853;370;4096;0.24510550498962402;9
0;gollum/gollum;83;2284;387;184;4096;0.09410214424133301;9
0;gohugoio/hugo;140;6069;147;41;4096;0.17067241668701172;9
0;gogs/gogs;58;5414;899;272;4096;0.12771034240722656;9
0;v2ray/v2ray-core;338;5372;425;69;4096;0.20961594581604004;9
0;prometheus/prometheus;108;8360;2163;270;4096;0.2184758186340332;9
0;etcd-io/etcd;160;17217;5606;545;4096;0.44817042350769043;9
0;traefik/traefik;98;4039;675;112;4096;0.14068293571472168;9
0;astaxie/beego;30;3595;947;369;4096;0.08097600936889648;9
0;istio/istio;110;15409;434;83;4096;0.4349937438964844;9
0;hashicorp/terraform;127;27624;5493;954;4096;0.7902548313140869;9
0;rclone/rclone;76;4877;1;21;4096;0.11023473739624023;9
